<resources>
    <color name="pd_social_login_back_button_color">#000000</color>
    <color name="pd_toolbar_color">#0D4A6F</color>
    <color name="pd_toolbar_text_color">#ffffff </color>
    <color name="pd_toolbar_color_dark">#0D4A6F</color>
    <color name="pd_accent">#0D4A6F </color>
    <color name="pd_tab_selected_text_color">#0D4A6F</color>
    <color name="pd_tab_unselected_text_color">#0D4A6F</color>
    <color name="pd_home_flow_banner_text_color">#FFFFFF</color>
    <color name="pd_home_flow_settings_icon_color">#FFFFFF</color>
    <color name="pd_tab_background_color">#FFFFFF</color>
</resources>